decade_built_cat,mean_area
1940 or before,2072.25
1950,2544.6923076923076
1960,2873.4375
1970,3412.6363636363635
1980,2889.230769230769
1990 or after,2822.375
